{"global_step": 5, "correct": 0, "similar": 2, "incorrect": 1, "train_loss": 3.42578125, "eval_loss": -0.4306640625, "_timestamp": 1683685905.7814734, "_runtime": 82.2751054763794, "_step": 4}